<?xml version="1.0" encoding="UTF-8"?>
<project-private xmlns="http://www.netbeans.org/ns/project-private/1">
    <editor-bookmarks xmlns="http://www.netbeans.org/ns/editor-bookmarks/2" lastBookmarkId="0"/>
    <open-files xmlns="http://www.netbeans.org/ns/projectui-open-files/2">
        <group>
            <file>file:/C:/Users/LENOVO/Desktop/VeriTabanıProjesi/src/veritabaniprojesi/UreticiFirmaVeTedarikciFirma.java</file>
            <file>file:/C:/Users/LENOVO/Desktop/VeriTabanıProjesi/src/veritabaniprojesi/Problem2.java</file>
            <file>file:/C:/Users/LENOVO/Desktop/VeriTabanıProjesi/src/veritabaniprojesi/Problem4.java</file>
            <file>file:/C:/Users/LENOVO/Desktop/VeriTabanıProjesi/src/veritabaniprojesi/Problem4MusteriEkle.java</file>
            <file>file:/C:/Users/LENOVO/Desktop/VeriTabanıProjesi/src/veritabaniprojesi/UreticiFirmaVeMusteri.java</file>
            <file>file:/C:/Users/LENOVO/Desktop/VeriTabanıProjesi/src/veritabaniprojesi/ArayuzGirisEkrani.java</file>
            <file>file:/C:/Users/LENOVO/Desktop/VeriTabanıProjesi/src/veritabaniprojesi/Problem5.java</file>
            <file>file:/C:/Users/LENOVO/Desktop/VeriTabanıProjesi/src/veritabaniprojesi/Problem1.java</file>
            <file>file:/C:/Users/LENOVO/Desktop/VeriTabanıProjesi/src/veritabaniprojesi/Problem3.java</file>
            <file>file:/C:/Users/LENOVO/Desktop/VeriTabanıProjesi/src/veritabaniprojesi/VeritabaniProjesi.java</file>
            <file>file:/C:/Users/LENOVO/Desktop/VeriTabanıProjesi/src/veritabaniprojesi/Problem4TedarikciEkle.java</file>
        </group>
    </open-files>
</project-private>
